qtd;nome;r_faturado;r_custo;_custo;r_margem;;mes
1;ISCA DE CARNE C/ CALABRESA;55;0.0;0.0;55.0;0.0011;4
1;FAROFA DE CAMARÃO;50;0.0;0.0;50.0;0.001;4
1;LINGUIÇA BRASILEIRA;45;0.04;0.0009;44.96;0.0009;4
1;PORÇÃO DE VINAGRETE;5;0.0;0.0;5.0;0.0001;4
1;Cerveja Artesanal Patrice;20;10.0;0.5;10.0;0.0002;4
1;Cerveja Artesanal Muyra;20;10.0;0.5;10.0;0.0002;4
1;DOIS QUEIJOS;25;0.0;0.0;25.0;0.0005;4
1;FAROFA DE CALABRESA;40;0.0;0.0;40.0;0.0008;4
1;GUARANÁ ANTÁRTICA LT;6;1.89;0.315;4.11;0.0001;4
2;PORÇÃO DE FAROFA;10;0.0;0.0;10.0;0.0002;4
2;SUCO DE LARANJA;24;3.78;0.1575;20.22;0.0004;4
2;GIN TROPICAL;50;0.0;0.0;50.0;0.001;4
3;Cerveja Artesanal Cherokee;60;30.0;0.5;30.0;0.0006;4
3;Cerveja Artesanal Toho;60;30.0;0.5;30.0;0.0006;4
4;PORÇÃO DE FEIJÃO;20;0.0;0.0;20.0;0.0004;4
4;COPO SUJO;8;0.0;0.0;8.0;0.0002;4
5;GIN TÔNICA;100;0.0;0.0;100.0;0.0021;4
5;PICANHA;225;0.0;0.0;225.0;0.0047;4
5;QUEIJO MUSSARELA;50;0.0;0.0;50.0;0.001;4
6;Growler 1L TRIGO CLARO;120;18.0;0.15;102.0;0.0021;4
7;ÁGUA TÔNICA;42;9.31;0.2217;32.69;0.0007;4
7;PORÇÃO DE SALAME;126;0.0;0.0;126.0;0.0026;4
7;Cerveja Artesanal Yacy;140;70.0;0.5;70.0;0.0015;4
8;PORÇÃO DE ARROZ;40;0.0;0.0;40.0;0.0008;4
8;DOSE DE CACHAÇA DE JAMBU;96;48.0;0.5;48.0;0.001;4
8;COMBINADINHO DE BOTECO;175;0.0;0.0;175.0;0.0036;4
8;QUEIJO COALHO;96;0.0;0.0;96.0;0.002;4
9;TÁBUA DE FRIOS;540;0.99;0.0018;539.01;0.0112;4
9;PASTEL DE CARNE;245;0.0;0.0;245.0;0.0051;4
9;Caneca 1L;252;25.38;0.1007;226.62;0.0047;4
9;OVO DE CODORNA;108;0.0;0.0;108.0;0.0022;4
10;ENERGÉTICO MONSTER;180;46.5;0.2583;133.5;0.0028;4
10;SUJAR;50;350.0;7.0;-300.0;-0.0062;4
10;CAMARÃO ALHO & ÓLEO;400;18.0;0.045;382.0;0.0079;4
11;CARRÉ SUÍNO;275;0.0;0.0;275.0;0.0057;4
11;ISCA DE CARNE, BATATA E CALABRESA;770;0.0;0.0;770.0;0.016;4
11;DOSE DE VODKA;77;0.55;0.0071;76.45;0.0016;4
12;FRANGO A PASSARINHO;420;1.56;0.0037;418.44;0.0087;4
15;Cerveja Artesanal Boiúna;300;150.0;0.5;150.0;0.0031;4
17;FANTA 1L;204;30.43;0.1492;173.57;0.0036;4
18;TORRE 3L CORTESIA;0;720.0;0.0;-720.0;-0.015;4
18;COCA-COLA 1L;216;32.22;0.1492;183.78;0.0038;4
19;CALABRESA C/ BATATA;950;2.47;0.0026;947.53;0.0197;4
19;ISCA DE CARNE;665;0.0;0.0;665.0;0.0138;4
20;Growler 1L PREMIUM;400;60.0;0.15;340.0;0.0071;4
21;BOLINHO DE BACALHAU;630;10.29;0.0163;619.71;0.0129;4
21;CAIPIRINHA C/ VODKA;315;0.0;0.0;315.0;0.0066;4
21;FRANGO A MILANESA;588;0.0;0.0;588.0;0.0122;4
22;CALABRESA ACEBOLADA;610;2.86;0.0047;607.14;0.0126;4
23;ÁGUA COM GÁS;115;19.32;0.168;95.68;0.002;4
24;DOSE DE CACHAÇA;168;4.08;0.0243;163.92;0.0034;4
24;PASTEL MISTO;645;0.0;0.0;645.0;0.0134;4
26;CAIPIRINHA C/ CACHAÇA;390;0.0;0.0;390.0;0.0081;4
27;ESPETINHO DE CARNE;270;48.6;0.18;221.4;0.0046;4
31;PASTEL DE QUEIJO;895;0.0;0.0;895.0;0.0186;4
37;COCA-COLA ZERO LT;222;69.93;0.315;152.07;0.0032;4
39;BARRIL PILSEN 5L;3080;1560.0;0.5065;1520.0;0.0316;4
43;TORRE 3,5L CORTESIA;0;1720.0;0.0;-1720.0;-0.0358;4
44;FILÉ DE FRANGO;1100;0.0;0.0;1100.0;0.0229;4
47;PRATO DO DIA - LINGUIÇA DE FRANGO;940;0.0;0.0;940.0;0.0196;4
48;TORRE 2,5L CORTESIA;0;1680.0;0.0;-1680.0;-0.0349;4
51;ISCA DE CARNE C/ BATATA;2550;0.0;0.0;2550.0;0.053;4
55;TORRE 3L;3025;2200.0;0.7273;825.0;0.0172;4
66;CARNE DE SOL;2112;0.0;0.0;2112.0;0.0439;4
76;FANTA LARANJA LT;456;143.64;0.315;312.36;0.0065;4
79;Growler 1L Pilsen;1185;237.0;0.2;948.0;0.0197;4
92;TORRE 2L CORTESIA;0;3220.0;0.0;-3220.0;-0.067;4
123;TAMBAQUI FRITO;3198;0.0;0.0;3198.0;0.0665;4
125;TORRE 2,5L;6250;4375.0;0.7;1875.0;0.039;4
130;BATATA FRITA;3000;234.0;0.078;2766.0;0.0575;4
134;BIFE A CAVALO;3484;0.0;0.0;3484.0;0.0725;4
138;PORÇÃO DE LIMÃO;414;0.0;0.0;414.0;0.0086;4
169;TORRE 3,5L;10140;6760.0;0.6667;3380.0;0.0703;4
197;COCA-COLA LT;1182;352.63;0.2983;829.37;0.0173;4
207;ÁGUA SEM GÁS;1035;136.62;0.132;898.38;0.0187;4
255;Caneca 300ml;3000;428.4;0.1428;2571.6;0.0535;4
263;TORRE 2L;11835;9205.0;0.7778;2630.0;0.0547;4
534;SUJAR;1068;427.2;0.4;640.8;0.0133;4
972;Caneca 500mL;12545;1632.96;0.1302;10912.04;0.227;4
